[{"col":1,"row":1,"width":22,"height":359,"children":[{"id":"kreftmelding_kolorektalkreft_dips/kolorektal_kreftmelding_for_kirurgi/any_event","rows":[{"cols":[{"width":"100%","children":[{"id":"kreftmelding_kolorektalkreft_dips/kolorektal_kreftmelding_for_kirurgi/any_event/behandlingen_var_rettet_mot","rows":[]},{"id":"kreftmelding_kolorektalkreft_dips/kolorektal_kreftmelding_for_kirurgi/any_event/lokalisasjon_av_primaertumor","rows":[{"cols":[{"width":"100%","children":[{"id":"kreftmelding_kolorektalkreft_dips/kolorektal_kreftmelding_for_kirurgi/any_event/lokalisasjon_av_primaertumor/lokalisajon","rows":[]},{"id":"generic-field-82684","rows":[{"cols":[{"width":"100%","children":[{"id":"kreftmelding_kolorektalkreft_dips/kolorektal_kreftmelding_for_kirurgi/any_event/lokalisasjon_av_primaertumor/spesifiser_lokalisajon_colon","rows":[]},{"id":"kreftmelding_kolorektalkreft_dips/kolorektal_kreftmelding_for_kirurgi/any_event/lokalisasjon_av_primaertumor/angir_avstand_fra_analåpning_til_nedre_kant_av_tumor_(målt_på_stivt_skop)","rows":[]},{"id":"kreftmelding_kolorektalkreft_dips/kolorektal_kreftmelding_for_kirurgi/any_event/lokalisasjon_av_primaertumor/ukjent","rows":[]}]}]}]},{"id":"generic-field-95784","rows":[{"cols":[{"width":"100%","children":[{"id":"kreftmelding_kolorektalkreft_dips/kolorektal_kreftmelding_for_kirurgi/any_event/lokalisasjon_av_primaertumor/avstand_fra_øvre_kant_av_m.puborektalis_til_nedre_kant_av_tumor_(målt_ved_mr)","rows":[]},{"id":"kreftmelding_kolorektalkreft_dips/kolorektal_kreftmelding_for_kirurgi/any_event/lokalisasjon_av_primaertumor/ukjent2","rows":[]}]}]}]},{"id":"kreftmelding_kolorektalkreft_dips/kolorektal_kreftmelding_for_kirurgi/any_event/lokalisasjon_av_primaertumor/klinisk_sikker_kreft","rows":[]}]}]}]},{"id":"generic-field-08605","rows":[{"cols":[{"width":"50%","children":[{"id":"kreftmelding_kolorektalkreft_dips/kolorektal_kreftmelding_for_kirurgi/any_event/forbehandling","rows":[{"cols":[{"width":"50%","children":[{"id":"kreftmelding_kolorektalkreft_dips/kolorektal_kreftmelding_for_kirurgi/any_event/forbehandling/forbehandling","rows":[]}]},{"width":"50%","children":[{"id":"kreftmelding_kolorektalkreft_dips/kolorektal_kreftmelding_for_kirurgi/any_event/forbehandling/spesifiser_forbehandling_annet","rows":[]}]}]}]}]},{"width":"50%","children":[{"id":"kreftmelding_kolorektalkreft_dips/kolorektal_kreftmelding_for_kirurgi/any_event/siktemål_for_behandlingen_preoperativ_intensjon","rows":[{"cols":[{"width":"100%","children":[{"id":"kreftmelding_kolorektalkreft_dips/kolorektal_kreftmelding_for_kirurgi/any_event/siktemål_for_behandlingen_preoperativ_intensjon/siktemål_for_behandlingen_preoperativ_intensjon","rows":[]}]}]}]}]}]}]},{"id":"kreftmelding_kolorektalkreft_dips/kolorektal_kreftmelding_for_kirurgi/any_event/kirurgi_av_primærtumor","rows":[{"cols":[{"width":"100%","children":[{"id":"generic-field-99928","rows":[{"cols":[{"width":"50%","children":[{"id":"kreftmelding_kolorektalkreft_dips/kolorektal_kreftmelding_for_kirurgi/any_event/kirurgi_av_primærtumor/hastegrad","rows":[{"cols":[{"width":"100%","children":[{"id":"kreftmelding_kolorektalkreft_dips/kolorektal_kreftmelding_for_kirurgi/any_event/kirurgi_av_primærtumor/hastegrad/hastegrad","rows":[]},{"id":"kreftmelding_kolorektalkreft_dips/kolorektal_kreftmelding_for_kirurgi/any_event/kirurgi_av_primærtumor/hastegrad/spesifiser_hastegrad_annet","rows":[]}]}]}]}]},{"width":"50%","children":[{"id":"kreftmelding_kolorektalkreft_dips/kolorektal_kreftmelding_for_kirurgi/any_event/kirurgi_av_primærtumor/asa-score","rows":[]}]}]}]},{"id":"kreftmelding_kolorektalkreft_dips/kolorektal_kreftmelding_for_kirurgi/any_event/kirurgi_av_primærtumor/kliniske_parametre","rows":[{"cols":[{"width":"50%","children":[{"id":"kreftmelding_kolorektalkreft_dips/kolorektal_kreftmelding_for_kirurgi/any_event/kirurgi_av_primærtumor/kliniske_parametre/høyde_(cm)","rows":[]},{"id":"kreftmelding_kolorektalkreft_dips/kolorektal_kreftmelding_for_kirurgi/any_event/kirurgi_av_primærtumor/kliniske_parametre/vekt_(kg)","rows":[]},{"id":"kreftmelding_kolorektalkreft_dips/kolorektal_kreftmelding_for_kirurgi/any_event/kirurgi_av_primærtumor/kliniske_parametre/bmi","rows":[]}]},{"width":"50%","children":[{"id":"kreftmelding_kolorektalkreft_dips/kolorektal_kreftmelding_for_kirurgi/any_event/kirurgi_av_primærtumor/kliniske_parametre/høyde_ukjent","rows":[]},{"id":"kreftmelding_kolorektalkreft_dips/kolorektal_kreftmelding_for_kirurgi/any_event/kirurgi_av_primærtumor/kliniske_parametre/vekt_ukjent","rows":[]},{"id":"kreftmelding_kolorektalkreft_dips/kolorektal_kreftmelding_for_kirurgi/any_event/kirurgi_av_primærtumor/kliniske_parametre/bmi_ukjent","rows":[]}]}]}]},{"id":"generic-field-81814","rows":[{"cols":[{"width":"50%","children":[{"id":"kreftmelding_kolorektalkreft_dips/kolorektal_kreftmelding_for_kirurgi/any_event/kirurgi_av_primærtumor/type_kirurgi","rows":[]}]},{"width":"50%","children":[{"id":"kreftmelding_kolorektalkreft_dips/kolorektal_kreftmelding_for_kirurgi/any_event/kirurgi_av_primærtumor/operasjonsdato","rows":[]}]}]}]},{"id":"kreftmelding_kolorektalkreft_dips/kolorektal_kreftmelding_for_kirurgi/any_event/kirurgi_av_primærtumor/reseksjon_av_tumor","rows":[]},{"id":"kreftmelding_kolorektalkreft_dips/kolorektal_kreftmelding_for_kirurgi/any_event/kirurgi_av_primærtumor/inngrep_colon","rows":[{"cols":[{"width":"100%","children":[{"id":"kreftmelding_kolorektalkreft_dips/kolorektal_kreftmelding_for_kirurgi/any_event/kirurgi_av_primærtumor/inngrep_colon/inngrep_colon","rows":[]},{"id":"kreftmelding_kolorektalkreft_dips/kolorektal_kreftmelding_for_kirurgi/any_event/kirurgi_av_primærtumor/inngrep_colon/spesifiser_inngrep_colon","rows":[]}]}]}]},{"id":"kreftmelding_kolorektalkreft_dips/kolorektal_kreftmelding_for_kirurgi/any_event/kirurgi_av_primærtumor/inngrep_rectum","rows":[{"cols":[{"width":"100%","children":[{"id":"kreftmelding_kolorektalkreft_dips/kolorektal_kreftmelding_for_kirurgi/any_event/kirurgi_av_primærtumor/inngrep_rectum/inngrep_rectum","rows":[]},{"id":"kreftmelding_kolorektalkreft_dips/kolorektal_kreftmelding_for_kirurgi/any_event/kirurgi_av_primærtumor/inngrep_rectum/spesifiser_inngrep_rectum","rows":[]}]}]}]},{"id":"kreftmelding_kolorektalkreft_dips/kolorektal_kreftmelding_for_kirurgi/any_event/kirurgi_av_primærtumor/anastomose","rows":[]},{"id":"kreftmelding_kolorektalkreft_dips/kolorektal_kreftmelding_for_kirurgi/any_event/kirurgi_av_primærtumor/avlastende_stomi","rows":[]},{"id":"kreftmelding_kolorektalkreft_dips/kolorektal_kreftmelding_for_kirurgi/any_event/kirurgi_av_primærtumor/reseksjon_av_naboorgan","rows":[{"cols":[{"width":"100%","children":[{"id":"kreftmelding_kolorektalkreft_dips/kolorektal_kreftmelding_for_kirurgi/any_event/kirurgi_av_primærtumor/reseksjon_av_naboorgan/reseksjon_av_naboorgan","rows":[]},{"id":"generic-field-44078","rows":[{"cols":[{"width":"100%","children":[{"id":"kreftmelding_kolorektalkreft_dips/kolorektal_kreftmelding_for_kirurgi/any_event/kirurgi_av_primærtumor/reseksjon_av_naboorgan/lokalisasjon","rows":[]}]}]}]},{"id":"kreftmelding_kolorektalkreft_dips/kolorektal_kreftmelding_for_kirurgi/any_event/kirurgi_av_primærtumor/reseksjon_av_naboorgan/spesifiser_lokalisasjon_annet","rows":[]}]}]}]},{"id":"kreftmelding_kolorektalkreft_dips/kolorektal_kreftmelding_for_kirurgi/any_event/kirurgi_av_primærtumor/operasjon_uten_reseksjon_av_tumorbærende_tarmsegment","rows":[{"cols":[{"width":"100%","children":[{"id":"kreftmelding_kolorektalkreft_dips/kolorektal_kreftmelding_for_kirurgi/any_event/kirurgi_av_primærtumor/operasjon_uten_reseksjon_av_tumorbærende_tarmsegment/utført_inngrep","rows":[]}]}]}]},{"id":"kreftmelding_kolorektalkreft_dips/kolorektal_kreftmelding_for_kirurgi/any_event/kirurgi_av_primærtumor/intraoperative_funn","rows":[{"cols":[{"width":"100%","children":[{"id":"kreftmelding_kolorektalkreft_dips/kolorektal_kreftmelding_for_kirurgi/any_event/kirurgi_av_primærtumor/intraoperative_funn/levermetastaser","rows":[]},{"id":"kreftmelding_kolorektalkreft_dips/kolorektal_kreftmelding_for_kirurgi/any_event/kirurgi_av_primærtumor/intraoperative_funn/peritoneal_metastase_carcinomatose","rows":[]},{"id":"kreftmelding_kolorektalkreft_dips/kolorektal_kreftmelding_for_kirurgi/any_event/kirurgi_av_primærtumor/intraoperative_funn/lymfeknutemetastaser_utenfor_reseksjonsområdet","rows":[]},{"id":"kreftmelding_kolorektalkreft_dips/kolorektal_kreftmelding_for_kirurgi/any_event/kirurgi_av_primærtumor/intraoperative_funn/innvekst_i_naboorgan","rows":[]},{"id":"kreftmelding_kolorektalkreft_dips/kolorektal_kreftmelding_for_kirurgi/any_event/kirurgi_av_primærtumor/intraoperative_funn/spesifiser_annet_naboorgan","rows":[]},{"id":"kreftmelding_kolorektalkreft_dips/kolorektal_kreftmelding_for_kirurgi/any_event/kirurgi_av_primærtumor/intraoperative_funn/perforasjon_oppstått_under_operasjonen","rows":[{"cols":[{"width":"100%","children":[{"id":"kreftmelding_kolorektalkreft_dips/kolorektal_kreftmelding_for_kirurgi/any_event/kirurgi_av_primærtumor/intraoperative_funn/perforasjon_oppstått_under_operasjonen/perforasjon_status","rows":[]}]}]}]},{"id":"kreftmelding_kolorektalkreft_dips/kolorektal_kreftmelding_for_kirurgi/any_event/kirurgi_av_primærtumor/intraoperative_funn/resttumor_lokalt_(kirurgens_vurdering)","rows":[]},{"id":"kreftmelding_kolorektalkreft_dips/kolorektal_kreftmelding_for_kirurgi/any_event/kirurgi_av_primærtumor/intraoperative_funn/er_det_i_samme_operasjon_gjort_inngrep_mot_metastaser","rows":[]}]}]}]},{"id":"kreftmelding_kolorektalkreft_dips/kolorektal_kreftmelding_for_kirurgi/any_event/kirurgi_av_primærtumor/komplikasjoner","rows":[{"cols":[{"width":"50%","children":[{"id":"kreftmelding_kolorektalkreft_dips/kolorektal_kreftmelding_for_kirurgi/any_event/kirurgi_av_primærtumor/komplikasjoner/komplikasjoner","rows":[]},{"id":"kreftmelding_kolorektalkreft_dips/kolorektal_kreftmelding_for_kirurgi/any_event/kirurgi_av_primærtumor/komplikasjoner/reoperasjon","rows":[]}]},{"width":"50%","children":[{"id":"kreftmelding_kolorektalkreft_dips/kolorektal_kreftmelding_for_kirurgi/any_event/kirurgi_av_primærtumor/komplikasjoner/spesifiser_komplikasjoner_annet","rows":[]},{"id":"kreftmelding_kolorektalkreft_dips/kolorektal_kreftmelding_for_kirurgi/any_event/kirurgi_av_primærtumor/komplikasjoner/dato_reoperasjon","rows":[]}]}]}]}]}]}]},{"id":"kreftmelding_kolorektalkreft_dips/kolorektal_kreftmelding_for_kirurgi/any_event/kirurgi_av_lokalt_residiv","rows":[{"cols":[{"width":"100%","children":[{"id":"kreftmelding_kolorektalkreft_dips/kolorektal_kreftmelding_for_kirurgi/any_event/kirurgi_av_lokalt_residiv/operasjonsdato_(dd.mm.åååå)","rows":[]},{"id":"generic-field-90387","rows":[{"cols":[{"width":"50%","children":[{"id":"kreftmelding_kolorektalkreft_dips/kolorektal_kreftmelding_for_kirurgi/any_event/kirurgi_av_lokalt_residiv/inngrep_lokalt_residiv","rows":[]}]},{"width":"50%","children":[{"id":"kreftmelding_kolorektalkreft_dips/kolorektal_kreftmelding_for_kirurgi/any_event/kirurgi_av_lokalt_residiv/spesifiser_inngrep","rows":[]}]}]}]},{"id":"kreftmelding_kolorektalkreft_dips/kolorektal_kreftmelding_for_kirurgi/any_event/kirurgi_av_lokalt_residiv/resttumor_lokalt_(kirurgens_vurdering)","rows":[]},{"id":"kreftmelding_kolorektalkreft_dips/kolorektal_kreftmelding_for_kirurgi/any_event/kirurgi_av_lokalt_residiv/er_det_i_samme_operasjon_gjort_inngrep_mot_metastase(r)","rows":[]}]}]}]}]}]}]},{"id":"kreftmelding_kolorektalkreft_dips/kolorektal_kreftmelding_for_kirurgi/any_event/kirurgi_av_metastase(r)","rows":[{"cols":[{"width":"100%","children":[{"id":"generic-field-72287","rows":[{"cols":[{"width":"50%","children":[{"id":"kreftmelding_kolorektalkreft_dips/kolorektal_kreftmelding_for_kirurgi/any_event/kirurgi_av_metastase(r)/lokalisasjon_av_behandlet_metastase","rows":[]}]},{"width":"50%","children":[{"id":"kreftmelding_kolorektalkreft_dips/kolorektal_kreftmelding_for_kirurgi/any_event/kirurgi_av_metastase(r)/spesifiser","rows":[]}]}]}]},{"id":"kreftmelding_kolorektalkreft_dips/kolorektal_kreftmelding_for_kirurgi/any_event/kirurgi_av_metastase(r)/operasjonsdato_(dd.mm.åååå)","rows":[]},{"id":"kreftmelding_kolorektalkreft_dips/kolorektal_kreftmelding_for_kirurgi/any_event/kirurgi_av_metastase(r)/inngrep_metastase","rows":[{"cols":[{"width":"50%","children":[{"id":"kreftmelding_kolorektalkreft_dips/kolorektal_kreftmelding_for_kirurgi/any_event/kirurgi_av_metastase(r)/inngrep_metastase/inngrep_metastaser","rows":[]}]},{"width":"50%","children":[{"id":"kreftmelding_kolorektalkreft_dips/kolorektal_kreftmelding_for_kirurgi/any_event/kirurgi_av_metastase(r)/inngrep_metastase/spesifiser_inngrep_mot_metaste(r)","rows":[]}]}]},{"cols":[{"width":"100%","children":[{"id":"kreftmelding_kolorektalkreft_dips/kolorektal_kreftmelding_for_kirurgi/any_event/kirurgi_av_metastase(r)/inngrep_metastase/makroskopisk_resttumor_(kirurgens_vurdering)","rows":[]}]}]}]}]}]}]},{"id":"kreftmelding_kolorektalkreft_dips/kolorektal_kreftmelding_for_kirurgi/any_event/oppfølging_tiltak","rows":[{"cols":[{"width":"100%","children":[{"id":"kreftmelding_kolorektalkreft_dips/kolorektal_kreftmelding_for_kirurgi/any_event/oppfølging_tiltak/oppfølging_tiltak","rows":[]},{"id":"generic-field-87774","rows":[{"cols":[{"width":"100%","children":[{"id":"kreftmelding_kolorektalkreft_dips/kolorektal_kreftmelding_for_kirurgi/any_event/oppfølging_tiltak/planlagt_etterbehandling","rows":[]}]}]}]},{"id":"generic-field-76148","rows":[{"cols":[{"width":"50%","children":[{"id":"kreftmelding_kolorektalkreft_dips/kolorektal_kreftmelding_for_kirurgi/any_event/oppfølging_tiltak/årsak_ingen_behandling","rows":[]}]},{"width":"50%","children":[{"id":"kreftmelding_kolorektalkreft_dips/kolorektal_kreftmelding_for_kirurgi/any_event/oppfølging_tiltak/spesifiser_årsak_til_ingen_behandling","rows":[]}]}]}]}]}]}]},{"id":"kreftmelding_kolorektalkreft_dips/kolorektal_kreftmelding_for_kirurgi/any_event/patologilaboratorium","rows":[{"cols":[{"width":"100%","children":[{"id":"kreftmelding_kolorektalkreft_dips/kolorektal_kreftmelding_for_kirurgi/any_event/patologilaboratorium/ikke_relevant","rows":[]},{"id":"kreftmelding_kolorektalkreft_dips/kolorektal_kreftmelding_for_kirurgi/any_event/patologilaboratorium/laboratorium","rows":[]},{"id":"kreftmelding_kolorektalkreft_dips/kolorektal_kreftmelding_for_kirurgi/any_event/patologilaboratorium/spesifiser","rows":[]},{"id":"kreftmelding_kolorektalkreft_dips/kolorektal_kreftmelding_for_kirurgi/any_event/patologilaboratorium/preparatnummer","rows":[]}]}]}]},{"id":"generic-field-40749","rows":[]}]}]