{"name":"Form root","localizedNames":{},"localizedDescriptions":{},"rmType":"FORM_DEFINITION","min":0,"max":0,"formId":"form_root","viewConfig":{"label":{"custom":false,"useLocalizations":false},"size":{"field":"inherit","label":"inherit"},"layout":{"label":{"valign":"inherit","align":"inherit"},"field":{"valign":"inherit","align":"inherit"}},"annotations":{"form.mode":"InfieldTopAlignedLabels"}},"children":[{"name":"Kreftmelding kolorektalkreft dips","localizedName":"Kreftmelding kolorektalkreft dips","localizedNames":{"en":"*Kreftmelding kolorektalkreft dips (nb)","nb":"Kreftmelding kolorektalkreft dips"},"localizedDescriptions":{"nb":"unknown","en":"*unknown (nb)"},"rmType":"COMPOSITION","nodeId":"openEHR-EHR-COMPOSITION.kreftmelding_kolorektalkreft_dips.v1","min":1,"max":1,"aqlPath":"/","inputs":[],"formId":"kreftmelding_kolorektalkreft_dips","viewConfig":{"multiplicity":{"min":1,"max":1},"advanced":{"hidden":false,"readonly":false,"hideFrame":false,"render":false},"label":{"custom":false,"useLocalizations":false},"size":{"field":"inherit","label":"-1"},"layout":{"label":{"valign":"inherit","align":"inherit"},"field":{"valign":"inherit","align":"inherit"}},"annotations":{},"field":{},"tags":["HideLabel"]},"children":[{"name":"Kreftmelding kolorektalkreft kjemoterapi dips","localizedName":"Kreftmelding kolorektalkreft kjemoterapi dips","localizedNames":{"en":"*Kreftmelding kolorektalkreft kjemoterapi dips (nb)","nb":"Kreftmelding kolorektalkreft kjemoterapi dips"},"localizedDescriptions":{"nb":"unknown","en":"*unknown (nb)"},"rmType":"OBSERVATION","nodeId":"openEHR-EHR-OBSERVATION.kreftmelding_kolorektalkreft_kjemoterapi_dips.v1","min":1,"max":1,"aqlPath":"/content[openEHR-EHR-OBSERVATION.kreftmelding_kolorektalkreft_kjemoterapi_dips.v1]","inputs":[],"formId":"kreftmelding_kolorektalkreft_dips/kreftmelding_kolorektalkreft_kjemoterapi_dips","viewConfig":{"multiplicity":{"min":1,"max":1},"advanced":{"hidden":false,"readonly":false,"hideFrame":false,"render":false},"label":{"custom":false,"useLocalizations":false},"size":{"field":"inherit","label":"-1"},"layout":{"label":{"valign":"inherit","align":"inherit"},"field":{"valign":"inherit","align":"inherit"}},"annotations":{},"field":{},"tags":["HideLabel"]},"children":[{"name":"Any event","localizedName":"Any event","localizedNames":{"en":"*Any event (nb)","nb":"Any event"},"localizedDescriptions":{"nb":"*","en":"** (nb)"},"rmType":"EVENT","nodeId":"at0002","min":1,"max":1,"aqlPath":"/content[openEHR-EHR-OBSERVATION.kreftmelding_kolorektalkreft_kjemoterapi_dips.v1]/data[at0001]/events[at0002]","inputs":[],"formId":"kreftmelding_kolorektalkreft_dips/kreftmelding_kolorektalkreft_kjemoterapi_dips/any_event","viewConfig":{"multiplicity":{"min":1,"max":1},"advanced":{"hidden":false,"readonly":false,"hideFrame":false,"render":false},"label":{"custom":false,"useLocalizations":false},"size":{"field":"inherit","label":"-1"},"layout":{"label":{"valign":"inherit","align":"inherit"},"field":{"valign":"inherit","align":"inherit"}},"annotations":{},"tags":["HideLabel"]},"children":[{"name":"Behandling for","localizedName":"Behandling for","localizedNames":{"en":"*Behandling for (nb)","nb":"Behandling for"},"localizedDescriptions":{"nb":"*","en":"** (nb)"},"rmType":"CLUSTER","nodeId":"at0337","min":1,"max":1,"aqlPath":"/content[openEHR-EHR-OBSERVATION.kreftmelding_kolorektalkreft_kjemoterapi_dips.v1]/data[at0001]/events[at0002]/data[at0003]/items[at0337]","inputs":[],"formId":"kreftmelding_kolorektalkreft_dips/kreftmelding_kolorektalkreft_kjemoterapi_dips/any_event/behandling_for","viewConfig":{"multiplicity":{"min":1,"max":1},"advanced":{"hidden":false,"readonly":false,"hideFrame":false,"render":false},"label":{"custom":false,"useLocalizations":false},"size":{"field":"inherit","label":"-1"},"layout":{"label":{"valign":"inherit","align":"inherit"},"field":{"valign":"inherit","align":"inherit"}},"annotations":{},"field":{},"tags":["HideLabel"]},"children":[{"name":"Behandling for","localizedName":"Behandling for","localizedNames":{"en":"*Behandling for (nb)","nb":"Behandling for"},"localizedDescriptions":{"nb":"*","en":"** (nb)"},"rmType":"DV_CODED_TEXT","nodeId":"at0339","min":1,"max":1,"aqlPath":"/content[openEHR-EHR-OBSERVATION.kreftmelding_kolorektalkreft_kjemoterapi_dips.v1]/data[at0001]/events[at0002]/data[at0003]/items[at0337]/items[at0339]/value","inputs":[{"suffix":"code","type":"CODED_TEXT","list":[{"value":"at0340","label":"Primærsykdom - lokal/lokalavansert inkludert spredning til regionale lymfeknuter","ordinal":0,"localizedLabels":{"nb":"Primærsykdom - lokal/lokalavansert inkludert spredning til regionale lymfeknuter","en":"*Primærsykdom - lokal/lokalavansert inkludert spredning til regionale lymfeknuter (nb)"},"localizedDescriptions":{"nb":"*","en":"** (nb)"}},{"value":"at0341","label":"Primærsykdom - avansert sykdom (fjernspredning)","ordinal":0,"localizedLabels":{"nb":"Primærsykdom - avansert sykdom (fjernspredning)","en":"*Primærsykdom - avansert sykdom (fjernspredning) (nb)"},"localizedDescriptions":{"nb":"*","en":"** (nb)"}},{"value":"at0342","label":"Tilbakefall - lokal/lokalavansert sykdom inkludert spredning til regionale lymfeknuter","ordinal":0,"localizedLabels":{"nb":"Tilbakefall - lokal/lokalavansert sykdom inkludert spredning til regionale lymfeknuter","en":"*Tilbakefall - lokal/lokalavansert sykdom inkludert spredning til regionale lymfeknuter (nb)"},"localizedDescriptions":{"nb":"*","en":"** (nb)"}},{"value":"at0343","label":"Tilbakefall - avansert sykdom (fjernspredning)","ordinal":0,"localizedLabels":{"nb":"Tilbakefall - avansert sykdom (fjernspredning)","en":"*Tilbakefall - avansert sykdom (fjernspredning) (nb)"},"localizedDescriptions":{"nb":"*","en":"** (nb)"}}],"listOpen":false}],"formId":"kreftmelding_kolorektalkreft_dips/kreftmelding_kolorektalkreft_kjemoterapi_dips/any_event/behandling_for/behandling_for","viewConfig":{"multiplicity":{"min":1,"max":1},"advanced":{"hidden":false,"readonly":false,"hideFrame":false,"render":false},"label":{"custom":false,"useLocalizations":false},"size":{"field":"inherit","label":"inherit"},"layout":{"label":{"valign":"inherit","align":"inherit"},"field":{"valign":"inherit","align":"inherit"}},"annotations":{},"field":{"code":{"presentation":"radios","columns":"1"}}}},{"name":"Fieldset","localizedName":"Fieldset","localizedNames":{"en":"*Fieldset (en)","nb":"Fieldset Lokalisasjon av metastaser"},"localizedDescriptions":{},"rmType":"GENERIC_FIELDSET","min":1,"max":1,"inputs":[],"formId":"generic-field-54103","viewConfig":{"multiplicity":{"min":1,"max":1},"advanced":{"hidden":false,"readonly":false,"hideFrame":false,"render":false},"label":{"custom":false,"useLocalizations":false},"size":{"field":"inherit","label":"-1"},"layout":{"label":{"valign":"inherit","align":"inherit"},"field":{"valign":"inherit","align":"inherit"}},"annotations":{},"field":{"formId":null,"name":null},"tags":["HideLabel"]},"children":[{"name":"Lokalisasjon av metastaser","localizedName":"Lokalisasjon av metastaser","localizedNames":{"en":"*Lokalisasjon av metastaser (nb)","nb":"Lokalisasjon av metastaser"},"localizedDescriptions":{"nb":"*","en":"** (nb)"},"rmType":"DV_CODED_TEXT","nodeId":"at0402","min":0,"max":-1,"aqlPath":"/content[openEHR-EHR-OBSERVATION.kreftmelding_kolorektalkreft_kjemoterapi_dips.v1]/data[at0001]/events[at0002]/data[at0003]/items[at0337]/items[at0402]/value","inputs":[{"suffix":"code","type":"CODED_TEXT","list":[{"value":"at0403","label":"Lever","ordinal":0,"localizedLabels":{"nb":"Lever","en":"*Lever (nb)"},"localizedDescriptions":{"nb":"*","en":"** (nb)"}},{"value":"at0405","label":"Lunge","ordinal":0,"localizedLabels":{"nb":"Lunge","en":"*Lunge (nb)"},"localizedDescriptions":{"nb":"*","en":"** (nb)"}},{"value":"at0407","label":"Peritoneum/peritoneal carcinomatose","ordinal":0,"localizedLabels":{"nb":"Peritoneum/peritoneal carcinomatose","en":"*Peritoneum/peritoneal carcinomatose (nb)"},"localizedDescriptions":{"nb":"*","en":"** (nb)"}},{"value":"at0409","label":"Skjelett","ordinal":0,"localizedLabels":{"nb":"Skjelett","en":"*Skjelett (nb)"},"localizedDescriptions":{"nb":"*","en":"** (nb)"}},{"value":"at0411","label":"Hjerne","ordinal":0,"localizedLabels":{"nb":"Hjerne","en":"*Hjerne (nb)"},"localizedDescriptions":{"nb":"*","en":"** (nb)"}},{"value":"at0413","label":"Lymfeknuter utenfor reseksjonsområdet","ordinal":0,"localizedLabels":{"nb":"Lymfeknuter utenfor reseksjonsområdet","en":"*Lymfeknuter utenfor reseksjonsområdet (nb)"},"localizedDescriptions":{"nb":"*","en":"** (nb)"}},{"value":"at0415","label":"Annet","ordinal":0,"localizedLabels":{"nb":"Annet","en":"*Annet (nb)"},"localizedDescriptions":{"nb":"*","en":"** (nb)"}}],"listOpen":false}],"formId":"kreftmelding_kolorektalkreft_dips/kreftmelding_kolorektalkreft_kjemoterapi_dips/any_event/behandling_for/lokalisasjon_av_metastaser","viewConfig":{"multiplicity":{"min":0,"max":-1},"advanced":{"hidden":false,"readonly":false,"hideFrame":false,"render":false},"label":{"custom":false,"useLocalizations":false},"size":{"field":"inherit","label":"inherit"},"layout":{"label":{"valign":"inherit","align":"inherit"},"field":{"valign":"inherit","align":"inherit"}},"annotations":{},"field":{"code":{"presentation":"combobox","columns":"7"}},"tags":["ShowAsMultiComboBox","ShowAsSelectionList"]}}]},{"name":"Spesifiser lokalisasjon","localizedName":"Spesifiser lokalisasjon","localizedNames":{"en":"*Spesifiser lokalisasjon (nb)","nb":"Spesifiser lokalisasjon"},"localizedDescriptions":{"nb":"*","en":"** (nb)"},"rmType":"DV_TEXT","nodeId":"at0352","min":0,"max":1,"aqlPath":"/content[openEHR-EHR-OBSERVATION.kreftmelding_kolorektalkreft_kjemoterapi_dips.v1]/data[at0001]/events[at0002]/data[at0003]/items[at0337]/items[at0352]/value","inputs":[{"type":"TEXT","list":[],"listOpen":false}],"formId":"kreftmelding_kolorektalkreft_dips/kreftmelding_kolorektalkreft_kjemoterapi_dips/any_event/behandling_for/spesifiser_lokalisasjon","viewConfig":{"multiplicity":{"min":0,"max":1},"advanced":{"hidden":false,"readonly":false,"hideFrame":false,"render":false},"label":{"custom":false,"useLocalizations":false},"size":{"field":"inherit","label":"inherit"},"layout":{"label":{"valign":"inherit","align":"inherit"},"field":{"valign":"inherit","align":"inherit"}},"datasource":{"loadRemote":false,"parameters":{}},"annotations":{},"field":{"lines":null,"input":{}}}}]},{"name":"Lokalisasjon av primaertumor","localizedName":"Lokalisasjon av primaertumor","localizedNames":{"en":"*Lokalisasjon av primaertumor (nb)","nb":"Lokalisasjon av primaertumor"},"localizedDescriptions":{"nb":"Cluster arketype som brukes i forbindelse med kolerekral kreftmelding. ","en":"*Cluster arketype som brukes i forbindelse med kolerekral kreftmelding.  (nb)"},"rmType":"CLUSTER","nodeId":"openEHR-EHR-CLUSTER.kreftmelding_kolorektal_lokalisasjon_av_primaertumor_dips.v1","min":1,"max":1,"aqlPath":"/content[openEHR-EHR-OBSERVATION.kreftmelding_kolorektalkreft_kjemoterapi_dips.v1]/data[at0001]/events[at0002]/data[at0003]/items[openEHR-EHR-CLUSTER.kreftmelding_kolorektal_lokalisasjon_av_primaertumor_dips.v1]","inputs":[],"formId":"kreftmelding_kolorektalkreft_dips/kreftmelding_kolorektalkreft_kjemoterapi_dips/any_event/lokalisasjon_av_primaertumor","viewConfig":{"multiplicity":{"min":1,"max":1},"advanced":{"hidden":false,"readonly":false,"hideFrame":false,"render":false},"label":{"custom":false,"useLocalizations":false},"size":{"field":"inherit","label":"inherit"},"layout":{"label":{"valign":"inherit","align":"inherit"},"field":{"valign":"inherit","align":"inherit"}},"annotations":{},"field":{}},"children":[{"name":"Lokalisajon","localizedName":"Lokalisajon","localizedNames":{"en":"*Lokalisajon (nb)","nb":"Lokalisajon"},"localizedDescriptions":{"nb":"Lokalisasjon av tumor ","en":"*Lokalisasjon av tumor  (nb)"},"rmType":"DV_CODED_TEXT","nodeId":"at0001","min":1,"max":1,"aqlPath":"/content[openEHR-EHR-OBSERVATION.kreftmelding_kolorektalkreft_kjemoterapi_dips.v1]/data[at0001]/events[at0002]/data[at0003]/items[openEHR-EHR-CLUSTER.kreftmelding_kolorektal_lokalisasjon_av_primaertumor_dips.v1]/items[at0001]/value","inputs":[{"suffix":"code","type":"CODED_TEXT","list":[{"value":"at0002","label":"Colon (C18-C19)","ordinal":0,"localizedLabels":{"nb":"Colon (C18-C19)","en":"*Colon (C18-C19) (nb)"},"localizedDescriptions":{"nb":"*","en":"** (nb)"}},{"value":"at0003","label":"Rectum (C20)","ordinal":0,"localizedLabels":{"nb":"Rectum (C20)","en":"*Rectum (C20) (nb)"},"localizedDescriptions":{"nb":"*","en":"** (nb)"}}],"listOpen":false}],"formId":"kreftmelding_kolorektalkreft_dips/kreftmelding_kolorektalkreft_kjemoterapi_dips/any_event/lokalisasjon_av_primaertumor/lokalisajon","viewConfig":{"multiplicity":{"min":1,"max":1},"advanced":{"hidden":false,"readonly":false,"hideFrame":false,"render":false},"label":{"custom":false,"useLocalizations":false},"size":{"field":"inherit","label":"inherit"},"layout":{"label":{"valign":"inherit","align":"inherit"},"field":{"valign":"inherit","align":"inherit"}},"annotations":{},"field":{"code":{"presentation":"radios","columns":"2"}}}},{"name":"Fieldset","localizedName":"Fieldset","localizedNames":{"en":"*Fieldset (en)","nb":"Fieldset colon"},"localizedDescriptions":{},"rmType":"GENERIC_FIELDSET","min":1,"max":1,"inputs":[],"formId":"generic-field-28253","viewConfig":{"multiplicity":{"min":1,"max":1},"advanced":{"hidden":false,"readonly":false,"hideFrame":false,"render":false},"label":{"custom":false,"useLocalizations":false},"size":{"field":"inherit","label":"-1"},"layout":{"label":{"valign":"inherit","align":"inherit"},"field":{"valign":"inherit","align":"inherit"}},"annotations":{},"field":{"formId":null,"name":null},"tags":["HideLabel"]},"children":[{"name":"Spesifiser lokalisajon Colon","localizedName":"Spesifiser lokalisajon Colon","localizedNames":{"en":"*Spesifiser lokalisajon Colon (nb)","nb":"Spesifiser lokalisajon Colon"},"localizedDescriptions":{"nb":"Angir spesifikk lokalisasjon for Colon ","en":"*Angir spesifikk lokalisasjon for Colon  (nb)"},"rmType":"DV_CODED_TEXT","nodeId":"at0004","min":0,"max":1,"aqlPath":"/content[openEHR-EHR-OBSERVATION.kreftmelding_kolorektalkreft_kjemoterapi_dips.v1]/data[at0001]/events[at0002]/data[at0003]/items[openEHR-EHR-CLUSTER.kreftmelding_kolorektal_lokalisasjon_av_primaertumor_dips.v1]/items[at0004]/value","inputs":[{"suffix":"code","type":"CODED_TEXT","list":[{"value":"at0006","label":"Cøkum (C18.0)","ordinal":0,"localizedLabels":{"nb":"Cøkum (C18.0)","en":"*Cøkum (C18.0) (nb)"},"localizedDescriptions":{"nb":"*","en":"** (nb)"}},{"value":"at0007","label":"Appendix (C18.1)","ordinal":0,"localizedLabels":{"nb":"Appendix (C18.1)","en":"*Appendix (C18.1) (nb)"},"localizedDescriptions":{"nb":"*","en":"** (nb)"}},{"value":"at0008","label":"Ascendens (C18.2)","ordinal":0,"localizedLabels":{"nb":"Ascendens (C18.2)","en":"*Ascendens (C18.2) (nb)"},"localizedDescriptions":{"nb":"*","en":"** (nb)"}},{"value":"at0009","label":"Høyre fleksur (C18.3)","ordinal":0,"localizedLabels":{"nb":"Høyre fleksur (C18.3)","en":"*Høyre fleksur (C18.3) (nb)"},"localizedDescriptions":{"nb":"*","en":"** (nb)"}},{"value":"at0010","label":"Transversum (C18.4)","ordinal":0,"localizedLabels":{"nb":"Transversum (C18.4)","en":"*Transversum (C18.4) (nb)"},"localizedDescriptions":{"nb":"*","en":"** (nb)"}},{"value":"at0011","label":"Venstre fleksur (C18.5)","ordinal":0,"localizedLabels":{"nb":"Venstre fleksur (C18.5)","en":"*Venstre fleksur (C18.5) (nb)"},"localizedDescriptions":{"nb":"*","en":"** (nb)"}},{"value":"at0012","label":"Descendens (C18.6)","ordinal":0,"localizedLabels":{"nb":"Descendens (C18.6)","en":"*Descendens (C18.6) (nb)"},"localizedDescriptions":{"nb":"*","en":"** (nb)"}},{"value":"at0013","label":"Sigmoideum, ≥ 20 cm (C18.7)","ordinal":0,"localizedLabels":{"nb":"Sigmoideum, ≥ 20 cm (C18.7)","en":"*Sigmoideum, ≥ 20 cm (C18.7) (nb)"},"localizedDescriptions":{"nb":"*","en":"** (nb)"}},{"value":"at0014","label":"Tykktarm, overlappende (C18.8)","ordinal":0,"localizedLabels":{"nb":"Tykktarm, overlappende (C18.8)","en":"*Tykktarm, overlappende (C18.8) (nb)"},"localizedDescriptions":{"nb":"*","en":"** (nb)"}},{"value":"at0015","label":"Tykktarm uspesifisert (C18.9)","ordinal":0,"localizedLabels":{"nb":"Tykktarm uspesifisert (C18.9)","en":"*Tykktarm uspesifisert (C18.9) (nb)"},"localizedDescriptions":{"nb":"*","en":"** (nb)"}},{"value":"at0016","label":"Rectosigmoid ≥ 16 og < 20 cm (C19)","ordinal":0,"localizedLabels":{"nb":"Rectosigmoid ≥ 16 og < 20 cm (C19)","en":"*Rectosigmoid ≥ 16 og < 20 cm (C19) (nb)"},"localizedDescriptions":{"nb":"*","en":"** (nb)"}}],"listOpen":false}],"formId":"kreftmelding_kolorektalkreft_dips/kreftmelding_kolorektalkreft_kjemoterapi_dips/any_event/lokalisasjon_av_primaertumor/spesifiser_lokalisajon_colon","viewConfig":{"multiplicity":{"min":0,"max":1},"advanced":{"hidden":false,"readonly":false,"hideFrame":false,"render":false},"label":{"custom":false,"useLocalizations":false},"size":{"field":"inherit","label":"inherit"},"layout":{"label":{"valign":"inherit","align":"inherit"},"field":{"valign":"inherit","align":"inherit"}},"annotations":{},"field":{"code":{"presentation":"combobox","columns":"2"}}}}]}]},{"name":"Kjemoterapi","localizedName":"Kjemoterapi","localizedNames":{"en":"*Kjemoterapi (nb)","nb":"Kjemoterapi"},"localizedDescriptions":{"nb":"*","en":"** (nb)"},"rmType":"CLUSTER","nodeId":"at0354","min":1,"max":1,"aqlPath":"/content[openEHR-EHR-OBSERVATION.kreftmelding_kolorektalkreft_kjemoterapi_dips.v1]/data[at0001]/events[at0002]/data[at0003]/items[at0354]","inputs":[],"formId":"kreftmelding_kolorektalkreft_dips/kreftmelding_kolorektalkreft_kjemoterapi_dips/any_event/kjemoterapi","viewConfig":{"multiplicity":{"min":1,"max":1},"advanced":{"hidden":false,"readonly":false,"hideFrame":false,"render":false},"label":{"custom":false,"useLocalizations":false},"size":{"field":"inherit","label":"inherit"},"layout":{"label":{"valign":"inherit","align":"inherit"},"field":{"valign":"inherit","align":"inherit"}},"annotations":{},"field":{}},"children":[{"name":"Hensikten med behandlingsplanen","localizedName":"Hensikten med behandlingsplanen","localizedNames":{"en":"*Hensikten med behandlingsplanen (nb)","nb":"Hensikten med behandlingsplanen"},"localizedDescriptions":{"nb":"*","en":"** (nb)"},"rmType":"DV_CODED_TEXT","nodeId":"at0355","min":1,"max":1,"aqlPath":"/content[openEHR-EHR-OBSERVATION.kreftmelding_kolorektalkreft_kjemoterapi_dips.v1]/data[at0001]/events[at0002]/data[at0003]/items[at0354]/items[at0355]/value","inputs":[{"suffix":"code","type":"CODED_TEXT","list":[{"value":"at0357","label":"Adjuvant kjemoterapi","ordinal":0,"localizedLabels":{"nb":"Adjuvant kjemoterapi","en":"*Adjuvant kjemoterapi (nb)"},"localizedDescriptions":{"nb":"*","en":"** (nb)"}},{"value":"at0358","label":"Strålesensitiviserende behandling","ordinal":0,"localizedLabels":{"nb":"Strålesensitiviserende behandling","en":"*Strålesensitiviserende behandling (nb)"},"localizedDescriptions":{"nb":"*","en":"** (nb)"}},{"value":"at0359","label":"Kjemoterapi før planlagt kirurgi","ordinal":0,"localizedLabels":{"nb":"Kjemoterapi før planlagt kirurgi","en":"*Kjemoterapi før planlagt kirurgi (nb)"},"localizedDescriptions":{"nb":"*","en":"** (nb)"}},{"value":"at0360","label":"Livsforlengende og lindrende behandling","ordinal":0,"localizedLabels":{"nb":"Livsforlengende og lindrende behandling","en":"*Livsforlengende og lindrende behandling (nb)"},"localizedDescriptions":{"nb":"*","en":"** (nb)"}}],"listOpen":false}],"formId":"kreftmelding_kolorektalkreft_dips/kreftmelding_kolorektalkreft_kjemoterapi_dips/any_event/kjemoterapi/hensikten_med_behandlingsplanen","viewConfig":{"multiplicity":{"min":1,"max":1},"advanced":{"hidden":false,"readonly":false,"hideFrame":false,"render":false},"label":{"custom":false,"useLocalizations":false},"size":{"field":"inherit","label":"inherit"},"layout":{"label":{"valign":"inherit","align":"inherit"},"field":{"valign":"inherit","align":"inherit"}},"annotations":{},"field":{"code":{"presentation":"combobox","columns":"4"}}}},{"name":"ECOG funksjonsstatus","localizedName":"ECOG funksjonsstatus","localizedNames":{"en":"*ECOG funksjonsstatus (nb)","nb":"ECOG funksjonsstatus"},"localizedDescriptions":{"nb":"Angir ecog funksjonsstatus","en":"*Angir ecog funksjonsstatus (nb)"},"rmType":"DV_CODED_TEXT","nodeId":"at0001","min":0,"max":1,"aqlPath":"/content[openEHR-EHR-OBSERVATION.kreftmelding_kolorektalkreft_kjemoterapi_dips.v1]/data[at0001]/events[at0002]/data[at0003]/items[at0354]/items[openEHR-EHR-CLUSTER.kreftmelding_kolorektal_ecog_funksjonsstatus_dips.v1]/items[at0001]/value","inputs":[{"suffix":"code","type":"CODED_TEXT","list":[{"value":"at0002","label":"0 - Full daglig aktivitet","ordinal":0,"localizedLabels":{"nb":"0 - Full daglig aktivitet","en":"*0 - Full daglig aktivitet (nb)"},"localizedDescriptions":{"nb":"*","en":"** (nb)"}},{"value":"at0003","label":"1 - Oppegående","ordinal":0,"localizedLabels":{"nb":"1 - Oppegående","en":"*1 - Oppegående (nb)"},"localizedDescriptions":{"nb":"*","en":"** (nb)"}},{"value":"at0004","label":"2 - Sengeliggende < 50 % av dagtid","ordinal":0,"localizedLabels":{"nb":"2 - Sengeliggende < 50 % av dagtid","en":"*2 - Sengeliggende < 50 % av dagtid (nb)"},"localizedDescriptions":{"nb":"*","en":"** (nb)"}},{"value":"at0005","label":"3 - Sengeliggende > 50 % av dagtid","ordinal":0,"localizedLabels":{"nb":"3 - Sengeliggende > 50 % av dagtid","en":"*3 - Sengeliggende > 50 % av dagtid (nb)"},"localizedDescriptions":{"nb":"*","en":"** (nb)"}},{"value":"at0006","label":"4 - Helt sengeliggende","ordinal":0,"localizedLabels":{"nb":"4 - Helt sengeliggende","en":"*4 - Helt sengeliggende (nb)"},"localizedDescriptions":{"nb":"*","en":"** (nb)"}},{"value":"at0007","label":"Ukjent","ordinal":0,"localizedLabels":{"nb":"Ukjent","en":"*Ukjent (nb)"},"localizedDescriptions":{"nb":"*","en":"** (nb)"}}],"listOpen":false}],"formId":"kreftmelding_kolorektalkreft_dips/kreftmelding_kolorektalkreft_kjemoterapi_dips/any_event/kjemoterapi/ecog_funksjonsstatus/ecog_funksjonsstatus","viewConfig":{"multiplicity":{"min":0,"max":1},"advanced":{"hidden":false,"readonly":false,"hideFrame":false,"render":false},"label":{"custom":false,"useLocalizations":false},"size":{"field":"inherit","label":"inherit"},"layout":{"label":{"valign":"inherit","align":"inherit"},"field":{"valign":"inherit","align":"inherit"}},"annotations":{},"field":{"code":{"presentation":"combobox","columns":"6"}}}},{"name":"Fieldset","localizedName":"Fieldset","localizedNames":{"en":"*Fieldset (en)","nb":"Fieldset"},"localizedDescriptions":{},"rmType":"GENERIC_FIELDSET","min":1,"max":1,"inputs":[],"formId":"generic-field-33691","viewConfig":{"multiplicity":{"min":1,"max":1},"advanced":{"hidden":false,"readonly":false,"hideFrame":false,"render":false},"label":{"custom":false,"useLocalizations":false},"size":{"field":"inherit","label":"-1"},"layout":{"label":{"valign":"inherit","align":"inherit"},"field":{"valign":"inherit","align":"inherit"}},"annotations":{},"field":{"formId":null,"name":null},"tags":["HideLabel"]},"children":[{"name":"CEA","localizedName":"CEA","localizedNames":{"en":"*CEA (nb)","nb":"CEA"},"localizedDescriptions":{"nb":"CEA score. ","en":"*CEA score.  (nb)"},"rmType":"DV_QUANTITY","nodeId":"at0001","min":0,"max":1,"aqlPath":"/content[openEHR-EHR-OBSERVATION.kreftmelding_kolorektalkreft_kjemoterapi_dips.v1]/data[at0001]/events[at0002]/data[at0003]/items[at0354]/items[openEHR-EHR-CLUSTER.kreftmelding_kolorektal_cea_dips.v1]/items[at0001]/value","inputs":[{"suffix":"magnitude","type":"DECIMAL","defaultValue":"","listOpen":false},{"suffix":"unit","type":"CODED_TEXT","list":[{"value":"µg/L","label":"µg/L","validation":{"range":{"minOp":">=","min":0.0,"maxOp":"<=","max":100.0},"precision":{"minOp":">=","min":1.0,"maxOp":"<=","max":1.0}},"ordinal":0,"localizedLabels":{},"localizedDescriptions":{}}],"listOpen":false}],"formId":"kreftmelding_kolorektalkreft_dips/kreftmelding_kolorektalkreft_kjemoterapi_dips/any_event/kjemoterapi/cea/cea","viewConfig":{"multiplicity":{"min":0,"max":1},"advanced":{"hidden":true,"readonly":false,"hideFrame":false,"render":false},"label":{"custom":false,"useLocalizations":false},"size":{"field":"inherit","label":"inherit"},"layout":{"label":{"valign":"inherit","align":"inherit"},"field":{"valign":"inherit","align":"inherit"}},"annotations":{},"field":{}}},{"name":"Ikke tatt","localizedName":"Ikke tatt","localizedNames":{"en":"*Ikke tatt (nb)","nb":"Ikke tatt"},"localizedDescriptions":{"nb":"Krysses av dersom CEA ikke er tatt. ","en":"*Krysses av dersom CEA ikke er tatt.  (nb)"},"rmType":"DV_BOOLEAN","nodeId":"at0002","min":0,"max":1,"aqlPath":"/content[openEHR-EHR-OBSERVATION.kreftmelding_kolorektalkreft_kjemoterapi_dips.v1]/data[at0001]/events[at0002]/data[at0003]/items[at0354]/items[openEHR-EHR-CLUSTER.kreftmelding_kolorektal_cea_dips.v1]/items[at0002]/value","inputs":[{"type":"BOOLEAN","list":[{"value":"true","label":"true","ordinal":0,"localizedLabels":{},"localizedDescriptions":{}}],"listOpen":false}],"formId":"kreftmelding_kolorektalkreft_dips/kreftmelding_kolorektalkreft_kjemoterapi_dips/any_event/kjemoterapi/cea/ikke_tatt","viewConfig":{"multiplicity":{"min":0,"max":1},"advanced":{"hidden":true,"readonly":false,"hideFrame":false,"render":false},"label":{"custom":false,"useLocalizations":false},"size":{"field":"inherit","label":"inherit"},"layout":{"label":{"valign":"inherit","align":"inherit"},"field":{"valign":"inherit","align":"inherit"}},"annotations":{},"field":{"input":{"threeState":true}}}}]},{"name":"Startdato for behandlingen(dd.mm.åååå)","localizedName":"Startdato for behandlingen(dd.mm.åååå)","localizedNames":{"en":"*Startdato for behandlingen(dd.mm.åååå) (nb)","nb":"Startdato for behandlingen(dd.mm.åååå)"},"localizedDescriptions":{"nb":"*","en":"** (nb)"},"rmType":"DV_DATE_TIME","nodeId":"at0369","min":0,"max":1,"aqlPath":"/content[openEHR-EHR-OBSERVATION.kreftmelding_kolorektalkreft_kjemoterapi_dips.v1]/data[at0001]/events[at0002]/data[at0003]/items[at0354]/items[at0369]/value","inputs":[{"type":"DATETIME","listOpen":false}],"formId":"kreftmelding_kolorektalkreft_dips/kreftmelding_kolorektalkreft_kjemoterapi_dips/any_event/kjemoterapi/startdato_for_behandlingen(dd.mm.åååå)","viewConfig":{"multiplicity":{"min":0,"max":1},"advanced":{"hidden":false,"readonly":false,"hideFrame":false,"render":false},"label":{"custom":false,"useLocalizations":false},"size":{"field":"inherit","label":"inherit"},"layout":{"label":{"valign":"inherit","align":"inherit"},"field":{"valign":"inherit","align":"inherit"}},"annotations":{"constraint.func.upper":"nowticks()"},"field":{"input":{"hideTime":true,"dateFormat":"","hideDate":false}}}},{"name":"Linje","localizedName":"Linje","localizedNames":{"en":"*Linje (nb)","nb":"Linje"},"localizedDescriptions":{"nb":"*","en":"** (nb)"},"rmType":"DV_CODED_TEXT","nodeId":"at0370","min":0,"max":1,"aqlPath":"/content[openEHR-EHR-OBSERVATION.kreftmelding_kolorektalkreft_kjemoterapi_dips.v1]/data[at0001]/events[at0002]/data[at0003]/items[at0354]/items[at0370]/value","inputs":[{"suffix":"code","type":"CODED_TEXT","list":[{"value":"at0371","label":"1.linje palliativ behandling","ordinal":0,"localizedLabels":{"nb":"1.linje palliativ behandling","en":"*1.linje palliativ behandling (nb)"},"localizedDescriptions":{"nb":"*","en":"** (nb)"}},{"value":"at0372","label":"2.linje palliativ behandling","ordinal":0,"localizedLabels":{"nb":"2.linje palliativ behandling","en":"*2.linje palliativ behandling (nb)"},"localizedDescriptions":{"nb":"*","en":"** (nb)"}},{"value":"at0373","label":"3.linje palliativ behandling","ordinal":0,"localizedLabels":{"nb":"3.linje palliativ behandling","en":"*3.linje palliativ behandling (nb)"},"localizedDescriptions":{"nb":"*","en":"** (nb)"}},{"value":"at0374","label":"Seinere palliativ linje","ordinal":0,"localizedLabels":{"nb":"Seinere palliativ linje","en":"*Seinere palliativ linje (nb)"},"localizedDescriptions":{"nb":"*","en":"** (nb)"}}],"listOpen":false}],"formId":"kreftmelding_kolorektalkreft_dips/kreftmelding_kolorektalkreft_kjemoterapi_dips/any_event/kjemoterapi/linje","viewConfig":{"multiplicity":{"min":0,"max":1},"advanced":{"hidden":false,"readonly":false,"hideFrame":false,"render":false},"label":{"custom":false,"useLocalizations":false},"size":{"field":"inherit","label":"inherit"},"layout":{"label":{"valign":"inherit","align":"inherit"},"field":{"valign":"inherit","align":"inherit"}},"annotations":{},"field":{"code":{"presentation":"combobox","columns":"4"}}}},{"name":"Årsak til skifte av behandling","localizedName":"Årsak til skifte av behandling","localizedNames":{"en":"*Årsak til skifte av behandling (nb)","nb":"Årsak til skifte av behandling"},"localizedDescriptions":{"nb":"*","en":"** (nb)"},"rmType":"CLUSTER","nodeId":"at0381","min":1,"max":1,"aqlPath":"/content[openEHR-EHR-OBSERVATION.kreftmelding_kolorektalkreft_kjemoterapi_dips.v1]/data[at0001]/events[at0002]/data[at0003]/items[at0354]/items[at0381]","inputs":[],"formId":"kreftmelding_kolorektalkreft_dips/kreftmelding_kolorektalkreft_kjemoterapi_dips/any_event/kjemoterapi/årsak_til_skifte_av_behandling","viewConfig":{"multiplicity":{"min":1,"max":1},"advanced":{"hidden":false,"readonly":false,"hideFrame":false,"render":false},"label":{"custom":false,"useLocalizations":false},"size":{"field":"inherit","label":"inherit"},"layout":{"label":{"valign":"inherit","align":"inherit"},"field":{"valign":"inherit","align":"inherit"}},"annotations":{},"field":{}},"children":[{"name":"Årsaker","localizedName":"Årsaker","localizedNames":{"en":"*Årsaker (nb)","nb":"Årsaker"},"localizedDescriptions":{"nb":"*","en":"** (nb)"},"rmType":"DV_CODED_TEXT","nodeId":"at0417","min":0,"max":-1,"aqlPath":"/content[openEHR-EHR-OBSERVATION.kreftmelding_kolorektalkreft_kjemoterapi_dips.v1]/data[at0001]/events[at0002]/data[at0003]/items[at0354]/items[at0381]/items[at0417]/value","inputs":[{"suffix":"code","type":"CODED_TEXT","list":[{"value":"at0418","label":"Bivirkninger/toksisitet","ordinal":0,"localizedLabels":{"nb":"Bivirkninger/toksisitet","en":"*Bivirkninger/toksisitet (nb)"},"localizedDescriptions":{"nb":"*","en":"** (nb)"}},{"value":"at0420","label":"Progresjon","ordinal":0,"localizedLabels":{"nb":"Progresjon","en":"*Progresjon (nb)"},"localizedDescriptions":{"nb":"*","en":"** (nb)"}},{"value":"at0422","label":"Annet","ordinal":0,"localizedLabels":{"nb":"Annet","en":"*Annet (nb)"},"localizedDescriptions":{"nb":"*","en":"** (nb)"}},{"value":"at0424","label":"Ukjent","ordinal":0,"localizedLabels":{"nb":"Ukjent","en":"*Ukjent (nb)"},"localizedDescriptions":{"nb":"*","en":"** (nb)"}}],"listOpen":false}],"formId":"kreftmelding_kolorektalkreft_dips/kreftmelding_kolorektalkreft_kjemoterapi_dips/any_event/kjemoterapi/årsak_til_skifte_av_behandling/årsaker","viewConfig":{"multiplicity":{"min":0,"max":-1},"advanced":{"hidden":false,"readonly":false,"hideFrame":false,"render":false},"label":{"custom":false,"useLocalizations":false},"size":{"field":"inherit","label":"inherit"},"layout":{"label":{"valign":"inherit","align":"inherit"},"field":{"valign":"inherit","align":"inherit"}},"annotations":{},"field":{"code":{"presentation":"combobox","columns":"4"}},"tags":["ShowAsMultiComboBox","ShowAsSelectionList"]}},{"name":"Spesifiser årsak","localizedName":"Spesifiser årsak","localizedNames":{"en":"*Spesifiser årsak (nb)","nb":"Spesifiser årsak"},"localizedDescriptions":{"nb":"*","en":"** (nb)"},"rmType":"DV_TEXT","nodeId":"at0379","min":0,"max":1,"aqlPath":"/content[openEHR-EHR-OBSERVATION.kreftmelding_kolorektalkreft_kjemoterapi_dips.v1]/data[at0001]/events[at0002]/data[at0003]/items[at0354]/items[at0381]/items[at0379]/value","inputs":[{"type":"TEXT","list":[],"listOpen":false}],"formId":"kreftmelding_kolorektalkreft_dips/kreftmelding_kolorektalkreft_kjemoterapi_dips/any_event/kjemoterapi/årsak_til_skifte_av_behandling/spesifiser_årsak","viewConfig":{"multiplicity":{"min":0,"max":1},"advanced":{"hidden":false,"readonly":false,"hideFrame":false,"render":false},"label":{"custom":false,"useLocalizations":false},"size":{"field":"inherit","label":"inherit"},"layout":{"label":{"valign":"inherit","align":"inherit"},"field":{"valign":"inherit","align":"inherit"}},"datasource":{"loadRemote":false,"parameters":{}},"annotations":{},"field":{"lines":null,"input":{}}}}]},{"name":"Fieldset","localizedName":"Fieldset","localizedNames":{"en":"*Fieldset (en)","nb":"Fieldset medikamenter"},"localizedDescriptions":{},"rmType":"GENERIC_FIELDSET","min":1,"max":1,"inputs":[],"formId":"generic-field-00982","viewConfig":{"multiplicity":{"min":1,"max":1},"advanced":{"hidden":false,"readonly":false,"hideFrame":false,"render":false},"label":{"custom":false,"useLocalizations":false},"size":{"field":"inherit","label":"-1"},"layout":{"label":{"valign":"inherit","align":"inherit"},"field":{"valign":"inherit","align":"inherit"}},"annotations":{},"field":{"formId":null,"name":null},"tags":["HideLabel"]},"children":[{"name":"Medikamenter","localizedName":"Medikamenter","localizedNames":{"en":"*Medikamenter (nb)","nb":"Medikamenter"},"localizedDescriptions":{"nb":"*","en":"** (nb)"},"rmType":"CLUSTER","nodeId":"at0380","min":1,"max":1,"aqlPath":"/content[openEHR-EHR-OBSERVATION.kreftmelding_kolorektalkreft_kjemoterapi_dips.v1]/data[at0001]/events[at0002]/data[at0003]/items[at0354]/items[at0380]","inputs":[],"formId":"kreftmelding_kolorektalkreft_dips/kreftmelding_kolorektalkreft_kjemoterapi_dips/any_event/kjemoterapi/medikamenter","viewConfig":{"multiplicity":{"min":1,"max":1},"advanced":{"hidden":false,"readonly":false,"hideFrame":false,"render":false},"label":{"custom":false,"useLocalizations":false},"size":{"field":"inherit","label":"inherit"},"layout":{"label":{"valign":"inherit","align":"inherit"},"field":{"valign":"inherit","align":"inherit"}},"annotations":{},"field":{}},"children":[{"name":"Medikamenter","localizedName":"Medikamenter","localizedNames":{"en":"*Medikamenter (nb)","nb":"Medikamenter"},"localizedDescriptions":{"nb":"*","en":"** (nb)"},"rmType":"DV_CODED_TEXT","nodeId":"at0382","min":0,"max":-1,"aqlPath":"/content[openEHR-EHR-OBSERVATION.kreftmelding_kolorektalkreft_kjemoterapi_dips.v1]/data[at0001]/events[at0002]/data[at0003]/items[at0354]/items[at0380]/items[at0382]/value","inputs":[{"suffix":"code","type":"CODED_TEXT","list":[{"value":"at0383","label":"Kapecitabin","ordinal":0,"localizedLabels":{"nb":"Kapecitabin","en":"*Kapecitabin (nb)"},"localizedDescriptions":{"nb":"*","en":"** (nb)"}},{"value":"at0385","label":"5-FU","ordinal":0,"localizedLabels":{"nb":"5-FU","en":"*5-FU (nb)"},"localizedDescriptions":{"nb":"*","en":"** (nb)"}},{"value":"at0387","label":"Kalsiumfolinat","ordinal":0,"localizedLabels":{"nb":"Kalsiumfolinat","en":"*Kalsiumfolinat (nb)"},"localizedDescriptions":{"nb":"*","en":"** (nb)"}},{"value":"at0389","label":"Oksaliplatin","ordinal":0,"localizedLabels":{"nb":"Oksaliplatin","en":"*Oksaliplatin (nb)"},"localizedDescriptions":{"nb":"*","en":"** (nb)"}},{"value":"at0391","label":"Irinotecan","ordinal":0,"localizedLabels":{"nb":"Irinotecan","en":"*Irinotecan (nb)"},"localizedDescriptions":{"nb":"*","en":"** (nb)"}},{"value":"at0393","label":"VEGF-hemmer","ordinal":0,"localizedLabels":{"nb":"VEGF-hemmer","en":"*VEGF-hemmer (nb)"},"localizedDescriptions":{"nb":"*","en":"** (nb)"}},{"value":"at0395","label":"EGFR-hemmer","ordinal":0,"localizedLabels":{"nb":"EGFR-hemmer","en":"*EGFR-hemmer (nb)"},"localizedDescriptions":{"nb":"*","en":"** (nb)"}},{"value":"at0397","label":"Annet","ordinal":0,"localizedLabels":{"nb":"Annet","en":"*Annet (nb)"},"localizedDescriptions":{"nb":"*","en":"** (nb)"}}],"listOpen":false}],"formId":"kreftmelding_kolorektalkreft_dips/kreftmelding_kolorektalkreft_kjemoterapi_dips/any_event/kjemoterapi/medikamenter/medikamenter","viewConfig":{"multiplicity":{"min":0,"max":-1},"advanced":{"hidden":false,"readonly":false,"hideFrame":false,"render":false},"label":{"custom":false,"useLocalizations":false},"size":{"field":"inherit","label":"inherit"},"layout":{"label":{"valign":"inherit","align":"inherit"},"field":{"valign":"inherit","align":"inherit"}},"annotations":{},"field":{"code":{"presentation":"combobox","columns":"8"}},"tags":["ShowAsSelectionList"]}},{"name":"Spesifiser medikament","localizedName":"Spesifiser medikament","localizedNames":{"en":"*Spesifiser medikament (nb)","nb":"Spesifiser medikament"},"localizedDescriptions":{"nb":"*","en":"** (nb)"},"rmType":"DV_TEXT","nodeId":"at0399","min":0,"max":1,"aqlPath":"/content[openEHR-EHR-OBSERVATION.kreftmelding_kolorektalkreft_kjemoterapi_dips.v1]/data[at0001]/events[at0002]/data[at0003]/items[at0354]/items[at0380]/items[at0399]/value","inputs":[{"type":"TEXT","list":[],"listOpen":false}],"formId":"kreftmelding_kolorektalkreft_dips/kreftmelding_kolorektalkreft_kjemoterapi_dips/any_event/kjemoterapi/medikamenter/spesifiser_medikament","viewConfig":{"multiplicity":{"min":0,"max":1},"advanced":{"hidden":false,"readonly":false,"hideFrame":false,"render":false},"label":{"custom":false,"useLocalizations":false},"size":{"field":"inherit","label":"inherit"},"layout":{"label":{"valign":"inherit","align":"inherit"},"field":{"valign":"inherit","align":"inherit"}},"datasource":{"loadRemote":false,"parameters":{}},"annotations":{},"field":{"lines":null,"input":{}}}}]}]}]}]}]}]}],"templateLanguages":["nb"]}