[{"col":1,"row":1,"width":17,"height":84,"children":[{"id":"kreftmelding_kolorektalkreft_dips","rows":[{"cols":[{"width":"100%","children":[{"id":"kreftmelding_kolorektalkreft_dips/kreftmelding_kolorektalkreft_kjemoterapi_dips","rows":[{"cols":[{"width":"100%","children":[{"id":"kreftmelding_kolorektalkreft_dips/kreftmelding_kolorektalkreft_kjemoterapi_dips/any_event","rows":[{"cols":[{"width":"100%","children":[{"id":"kreftmelding_kolorektalkreft_dips/kreftmelding_kolorektalkreft_kjemoterapi_dips/any_event/behandling_for","rows":[{"cols":[{"width":"100%","children":[{"id":"kreftmelding_kolorektalkreft_dips/kreftmelding_kolorektalkreft_kjemoterapi_dips/any_event/behandling_for/behandling_for","rows":[]},{"id":"generic-field-54103","rows":[{"cols":[{"width":"100%","children":[{"id":"kreftmelding_kolorektalkreft_dips/kreftmelding_kolorektalkreft_kjemoterapi_dips/any_event/behandling_for/lokalisasjon_av_metastaser","rows":[]}]}]}]},{"id":"kreftmelding_kolorektalkreft_dips/kreftmelding_kolorektalkreft_kjemoterapi_dips/any_event/behandling_for/spesifiser_lokalisasjon","rows":[]}]}]}]},{"id":"kreftmelding_kolorektalkreft_dips/kreftmelding_kolorektalkreft_kjemoterapi_dips/any_event/lokalisasjon_av_primaertumor","rows":[{"cols":[{"width":"100%","children":[{"id":"kreftmelding_kolorektalkreft_dips/kreftmelding_kolorektalkreft_kjemoterapi_dips/any_event/lokalisasjon_av_primaertumor/lokalisajon","rows":[]},{"id":"generic-field-28253","rows":[{"cols":[{"width":"100%","children":[{"id":"kreftmelding_kolorektalkreft_dips/kreftmelding_kolorektalkreft_kjemoterapi_dips/any_event/lokalisasjon_av_primaertumor/spesifiser_lokalisajon_colon","rows":[]}]}]}]}]}]}]},{"id":"kreftmelding_kolorektalkreft_dips/kreftmelding_kolorektalkreft_kjemoterapi_dips/any_event/kjemoterapi","rows":[{"cols":[{"width":"100%","children":[{"id":"kreftmelding_kolorektalkreft_dips/kreftmelding_kolorektalkreft_kjemoterapi_dips/any_event/kjemoterapi/hensikten_med_behandlingsplanen","rows":[]},{"id":"kreftmelding_kolorektalkreft_dips/kreftmelding_kolorektalkreft_kjemoterapi_dips/any_event/kjemoterapi/ecog_funksjonsstatus/ecog_funksjonsstatus","rows":[]},{"id":"generic-field-33691","rows":[{"cols":[{"width":"50%","children":[{"id":"kreftmelding_kolorektalkreft_dips/kreftmelding_kolorektalkreft_kjemoterapi_dips/any_event/kjemoterapi/cea/cea","rows":[]}]},{"width":"50%","children":[{"id":"kreftmelding_kolorektalkreft_dips/kreftmelding_kolorektalkreft_kjemoterapi_dips/any_event/kjemoterapi/cea/ikke_tatt","rows":[]}]}]}]},{"id":"kreftmelding_kolorektalkreft_dips/kreftmelding_kolorektalkreft_kjemoterapi_dips/any_event/kjemoterapi/startdato_for_behandlingen(dd.mm.åååå)","rows":[]},{"id":"kreftmelding_kolorektalkreft_dips/kreftmelding_kolorektalkreft_kjemoterapi_dips/any_event/kjemoterapi/linje","rows":[]},{"id":"kreftmelding_kolorektalkreft_dips/kreftmelding_kolorektalkreft_kjemoterapi_dips/any_event/kjemoterapi/årsak_til_skifte_av_behandling","rows":[{"cols":[{"width":"100%","children":[{"id":"kreftmelding_kolorektalkreft_dips/kreftmelding_kolorektalkreft_kjemoterapi_dips/any_event/kjemoterapi/årsak_til_skifte_av_behandling/årsaker","rows":[]},{"id":"kreftmelding_kolorektalkreft_dips/kreftmelding_kolorektalkreft_kjemoterapi_dips/any_event/kjemoterapi/årsak_til_skifte_av_behandling/spesifiser_årsak","rows":[]}]}]}]},{"id":"generic-field-00982","rows":[{"cols":[{"width":"100%","children":[{"id":"kreftmelding_kolorektalkreft_dips/kreftmelding_kolorektalkreft_kjemoterapi_dips/any_event/kjemoterapi/medikamenter","rows":[{"cols":[{"width":"100%","children":[{"id":"kreftmelding_kolorektalkreft_dips/kreftmelding_kolorektalkreft_kjemoterapi_dips/any_event/kjemoterapi/medikamenter/medikamenter","rows":[]},{"id":"kreftmelding_kolorektalkreft_dips/kreftmelding_kolorektalkreft_kjemoterapi_dips/any_event/kjemoterapi/medikamenter/spesifiser_medikament","rows":[]}]}]}]}]}]}]}]}]}]}]}]}]}]}]}]}]}]}]}]}]